First Name,Last Name,Title,Company Name,Email,Phone,Stage,Person Linkedin Url
,,,Rankings.io,,,Cold,
,,,LawRank,,,Cold,
,,,"Custom Legal Marketing",,,Cold,
,,,Scorpion,,,Cold,
,,,PaperStreet,,,Cold,
,,,Consultwebs,,,Cold,
,,,JurisPage,,,Cold,
,,,Mockingbird,,,Cold,
,,,Med SEO,,,Cold,
,,,"Digital Elevator",,,Cold,
,,,"Se7en Digital Marketing",,,Cold,
,,,Wisevu,,,Cold,
,,,"Healthcare Success",,,Cold,
,,,"Agent SEO",,,Cold,
,,,"Real Estate Rankers",,,Cold,
,,,"Real Estate SEO",,,Cold,
,,,"SEO Locale",,,Cold,
,,,"Nexfin Services",,,Cold,
,,,"First Page",,,Cold,
,,,"Digital Eagles",,,Cold,
,,,"Clearwater Agency",,,Cold,
,,,"Supple Digital",,,Cold,
,,,Juris Digital,,,Cold,
,,,"BluShark Digital",,,Cold,
,,,Postali,,,Cold,
,,,"Array Digital",,,Cold,
,,,"EverSpark Interactive",,,Cold,
,,,"iLawyer Marketing",,,Cold,
,,,"Growth Lab",,,Cold,
,,,TSEG,,,Cold,
,,,Intrepy,,,Cold,
,,,Hexapoint,,,Cold,
,,,Greaton,,,Cold,
,,,"Cardinal Digital Marketing",,,Cold,
,,,DoctorLogic,,,Cold,
,,,"Levo Health",,,Cold,
,,,InboundREM,,,Cold,
,,,"Agent Image",,,Cold,
,,,"Luxury Presence",,,Cold,
,,,"Growing Search",,,Cold,
,,,Direction,,,Cold,
,,,"Sierra Interactive",,,Cold,
